"Date operation";"Numero du vehicule";user;"Actions émise";"Pièces utilisé";commentaire
23/03/2017;EB-015-MV;"Jonathan Ekoka";;
27/03/2017;EC-258-DG;"Jonathan Ekoka";;
18/04/2017;EF-491-BC;"Jonathan Ekoka";;
18/04/2017;EF-491-BC;"Jonathan Ekoka";;
18/04/2017;EF-491-BC;"Jonathan Ekoka";;
18/04/2017;EF-491-BC;"Jonathan Ekoka";;
18/04/2017;DZ-749-JE;"Jonathan Ekoka";;
18/04/2017;DZ-776-JF;"Jonathan Ekoka";;
18/04/2017;DZ-776-JF;"Jonathan Ekoka";;
18/04/2017;EA-056-FT;"Jonathan Ekoka";;
18/04/2017;DZ-776-JF;"Jonathan Ekoka";;
18/04/2017;EC-258-DG;"Jonathan Ekoka";;
18/04/2017;EF-778-BC;"Jonathan Ekoka";;
18/04/2017;EB-350-MT;"Jonathan Ekoka";;
06/06/2017;EF-405-BC;"Jonathan Ekoka";;
15/06/2017;EF-372-EF;"Jonathan Ekoka";;
19/07/2017;EF-778-BC;"Jonathan Ekoka";;
