Nom;Adresse;Contact;Numero;"Date Ajout"
"You Order";"55 Rue La Boétie, 75008 Paris, France";"Joel Ndombasi";0786334572;19/05/2015
"Rice Trotters";"22 Rue du Colisée, Paris, France";"Laurianne Ferté";0686454988;15/05/2015
"Comptoir Des Vignes";"8 Rue Brochant, 75017 Paris, France";"Christelle Lafont";0183966751;29/04/2015
Igloo;"31 Rue des Jeuneurs, 75002 Paris, France";"Edouard Remise";0618031571;13/05/2015
"Bagel Corner 4 Septembre";"24 Rue du 4 Septembre, 75002 Paris, France";"Florent SAUVEUR";0984141458;24/04/2015
"TEST JO";"55 Rue La Boétie, Paris, France";;;14/04/2015
Mabento;"35 Cours Michelet, 92800 Puteaux, France";"Thierry Falchero";0676668460;13/04/2015
"Les Nouveaux Fromagers";"27 Rue du Chemin Vert, 75011 Paris, France";"Olivier Birade";0607128147;13/04/2015
"La Caravane Dorée";"64 Rue Pasteur, 94800 Villejuif, France";"Adrien Dorée";0619565303;13/04/2015
"City Chef";"5 Rue Bleue, 75009 Paris, France";"Diane Mironesco";0688236861;13/04/2015
"Cook Angels";"54 Rue Laugier, 75017 Paris, France";"Joy Solal";0609524821;13/04/2015
"L'Etoile Des Gourmets";"12 Rue des Pommiers, 94300 Vincennes, France";"Mathieu Robbe";0631247685;13/04/2015
"Les Petits Donuts";"20 Rue Chanzy, 75011 Paris, France";"Pierre Mentong";0788316786;13/04/2015
Eugène;"11 Rue Guillaume Tell, 75017 Paris, France";"Grégoire Touchet";0783079244;13/04/2015
"Frichti Sud";"19 Rue Popincourt, Paris, France";julia@frichti.co;0660868977;25/05/2015
Lina's;"37 Rue La Boétie, Paris, France";"Stéphan' Gouin";;26/05/2015
"Factory & Co Bourse";"109 Rue Montmartre, 75002 Paris, France";"Céline Gallardo";0614802761;28/05/2015
"Créative Com";"1 Boulevard des Bouvets, Nanterre, France";"Ghislain Crémet";0607781969;28/05/2015
"Bagel Corner Godot De Mauroy";"41 Rue Godot de Mauroy, 75008 Paris, France";"Florent SAUVEUR";0984141458;31/05/2015
"Bagel Corner Jussieu";"29 Rue Linné, 75005 Paris, France";"Florent SAUVEUR";0984141458;31/05/2015
"Bagel Corner Boétie";"19 Rue La Boétie, 75008 Paris, France";"Florent SAUVEUR";0984141458;31/05/2015
"Rosa Kiwi";"4 Rue Mouffetard, 75005 Paris, France";victory@rosakiwi.com;0622025272;01/06/2015
"test mh2";"25 Rue Béranger, Paris, France";;0606060606;03/06/2015
"test mh";"24 Rue Béranger, Paris, France";;;03/06/2015
"Frichti Nord";"20 Rue Pierre Fontaine, 75009 Paris, France";julia@frichti.co;0660868977;07/06/2015
Rania;"26 Rue Godot de Mauroy, Paris, France";;;11/06/2015
"Casa Milano";"178 Rue de Grenelle, 75007 Paris, France";;;11/06/2015
Alancienne;"42 Avenue Pasteur, Courbevoie, France";contact@alancienne.co;;16/06/2015
Comoncloud;"27 Rue du Chemin Vert, 75011 Paris, France";"Adrien Rogissart";0658819852;16/06/2015
"400 coups de la Cinémathèque";"21 Rue de Bercy, Paris, France";"Séverine Haiat";"01 43 44 18 72";23/06/2015
"L'Etoile Des Gourmets 2";"20 Rue du Vertbois, 75003 Paris, France";"Mathieu Robbe";0631247685;30/06/2015
"Etoile Des Gourmets";"7 Rue du Grand Prieuré, 75011 Paris, France";m.robbe@etoiledesgourmets.com;"06 31 24 76 85";02/07/2015
"Glaces Glazed";"54 Rue des Martyrs, 75009 Paris, France";"Florence de Dreux-Brézé";0783936498;02/07/2015
"Hugo Desnoyer";"12 Rue de Campo-Formio, 75013 Paris, France";"Gilles Penot";0667903342;06/07/2015
"Hugo Desnoyer Docteur Blanche";"28 Rue du Docteur Blanche, Paris, France";"Gilles Penot";0681297909;17/07/2015
"La Caisse Tactile";"22 Rue Jean-Baptiste Huet, Villiers-sur-Orge, France";"Elid Or";0607142935;06/08/2015
"Hugo Desnoyer Boulard";"45 Rue Boulard, Paris, France";"Gilles Penot";0681297909;07/08/2015
"Du Bon Pain";"Avenue Bernard Hirsch, Cergy, France";"Maxime Renault";0764076436;20/08/2015
"Du Bon Pain La Boulangerie Prestigieuse";"149 Rue Montmartre, Paris, France";"Maxime Renault";0764076436;25/08/2015
"Mon Voisin cuisine";"55 Rue La Boétie, Paris, France";"Anouck Talban";0666716587;31/08/2015
Léonie;"55 Rue La Boétie, Paris, France";"Mylène Surget";0662157254;31/08/2015
"Bistrot des Campagnes";"6 Rue Léopold Robert, 75014 Paris, France";;;03/09/2015
Chalizar;"121 Avenue du Maine, 75014 Paris, France";;;03/09/2015
"Da Zagara";"37 Avenue Duquesne, 75007 Paris, France";;;03/09/2015
Finzi;"182 Boulevard Haussmann, 75008 Paris, France";;;03/09/2015
"Il Barone";"5 Rue Léopold Robert, 75014 Paris, France";;;03/09/2015
"Il Gallo Nero";"36 Rue Raymond Losserand, 75014 Paris, France";;;03/09/2015
"La Cerisaie";"70 Boulevard Edgar Quinet, 75014 Paris, France";;;03/09/2015
"La Coloniale";"25 Rue Mazarine, 75006 Paris, France";;;03/09/2015
"La Divina Commedia";"12 Rue du Dragon, 75006 Paris, France";;;03/09/2015
"La Luna";"69 Rue du Rocher, 75008 Paris, France";;;03/09/2015
"La Table du Vietnam";"6 Avenue Bosquet, 75007 Paris, France";;;03/09/2015
"Le Bélisaire";"2 Rue Marmontel, 75015 Paris, France";;;03/09/2015
"Le Petit Centre du Monde";"1 Rue Jean Mermoz, 75008 Paris, France";;;03/09/2015
"Les Frangines";"46 Rue Raymond Losserand, 75014 Paris, France";;;03/09/2015
Sawadee;"53 Avenue Emile Zola, 75015 Paris, France";;;03/09/2015
"Su Misura";"22 Avenue Rapp, 75007 Paris, France";;;03/09/2015
Yookoso;"24 Rue Malar, 75007 Paris, France";;;03/09/2015
Manna;"44 Rue de Lourmel, 75015 Paris, France";;;03/09/2015
"Marco Polo";"1 Rue Saint-Sulpice, 75006 Paris, France";;;03/09/2015
"New Jawad";"12 Avenue Rapp, Paris, France";;;03/09/2015
Attablez-vous;"45 Rue Saint-Dominique, Paris, France";"Sammy Fisher";0609812727;03/09/2015
"Boulangerie Carton";"6 Boulevard de Denain, Paris, France";"Maxime Renault";0764076436;04/09/2015
"4 jours 4 diners";"55 Rue La Boétie, Paris, France";"Florence Hurel";0614362990;06/09/2015
"Boulangerie Gaia";"28 Boulevard Voltaire, 75011 Paris, France";"Maxime Renault";"01 43 38 12 75";09/09/2015
"Boulangerie Desgrippes";"182 Boulevard Voltaire, 75011 Paris, France";"Maxime Renault";"01 43 73 66 30";09/09/2015
"Boulangerie Moderne by Thierry Rabineau";"16 Rue des Fossés Saint-Jacques, Paris, France";"Maxime Renault";"01 43 54 12 22";09/09/2015
"The Place To";"47 Avenue de Wagram, Paris, France";;;21/09/2015
Kinnari;"8 Rue Malar, 75007 Paris, France";;;22/09/2015
"Kok Ping";"4 Rue Balzac, 75008 Paris, France";;;22/09/2015
Kinnari;"8 Rue Malar, Paris, France";;;23/09/2015
Caviste;"1 Rue de Vaugirard, Paris, France";;0606060606;28/09/2015
"Daily Monop";"1 Rue de Rivoli, Paris, France";;0606060606;28/09/2015
"Kok Ping";"4 Rue Balzac, Paris, France";;;28/09/2015
Wynd;"55 Rue La Boétie, Paris, France";"Pernette Guillaume";0675591627;29/09/2015
Zekai;"101 Rue Lauriston, Paris, France";;;12/10/2015
Tiffin;"73 Rue la Fayette, Paris, France";"guilaine.girard@tiffin-box.com ";0662329187;26/11/2015
BPI;"8 Boulevard Haussmann, France";"Jean-Christophe GOUGEON";"06 82 66 67 76";03/12/2015
Wedoogift;"55 Rue La Boétie, Paris, France";"Jérome proust";0625492091;04/12/2015
"Plat Maison";"55 Rue La Boétie, Paris, France";"Guillaume Manca";0606969319;16/12/2015
"Cuisto 2";"37 Rue Dunois, Paris, France";;0606060606;17/12/2015
"Cuisto 3";"57 Rue Pastourelle, Paris, France";;;17/12/2015
"Cuisto 4";"47 Rue de Maubeuge, Paris, France";;;17/12/2015
"Cuisto 5";"55 Rue La Boétie, Paris, France";;0606060606;17/12/2015
"Cuisto nikix edit";"8 rue alibert";nicolas.aubert@hivemind.fr;0638877061;18/12/2015
"Pièce du Boucher";"6 Rue du Moulinet, Paris, France";martin@pieceduboucher.com;0622046727;23/12/2015
Cuizeen;"7 Rue du Grand Prieuré, Paris, France";"Isabel Yus";0664909264;15/01/2016
Popchef;"8 Rue Beauregard, Paris, France";Francois;0686850210;02/03/2016
Bergamotte;"11 Rue de Belzunce, Paris, France";"Romain ";0687067538;16/03/2016
"Benoit Laisné";"69 Boulevard de Sébastopol, Paris, France";"Benoit Laisné";0663059722;31/03/2016
"Hugo Desnoyer Saint Germain";"4 Rue Lobineau, Paris, France";"Gilles Penot";0681297909;27/04/2016
Notabene;"55 Rue La Boétie, Paris, France";"Sandra Martinie";0679815563;02/05/2016
"Denis Scarfe";"23 Rue Faraday, France";"Stephany Denis";0679660744;02/06/2016
Comuneat;"113 Rue Anatole France, Paris, France";"Anthony Lau";"06 24 51 48 08";17/06/2016
"Caviste Authentique";"55 Rue La Boétie, Paris, France";"Mathieu Corradini";0633676598;12/07/2016
"La Cave du Sénat";"16 Rue de Vaugirard, Paris, France";Antoine;;12/07/2016
"Soif D'Ailleurs";"38 Rue Pastourelle, Paris, France";"Mathieu ou Cathie";;12/07/2016
TestTe;"84 Boulevard Haussmann, Paris, France";Test;0606060606;16/09/2016
You;"55 Rue La Boétie, Paris, France";;;05/10/2016
"test resto";"50 Boulevard Voltaire, Paris, France";;;27/10/2016
"Frichti Ouest";"8 Rue Léontine, France";julia@frichti.co;;31/10/2016
"Foodcheri Tocqueville";"99 Rue de Tocqueville, Paris, France";;;31/10/2016
"Foodcheri Lecourbe";"301 Rue Lecourbe, Paris, France";;;31/10/2016
"Foodcheri Maubeuge";"34 Rue Pierre Semard, Paris, France";;;31/10/2016
Rooj;"21 Rue de Neuilly, 92110 Clichy, France";maxime@rooj.fr;;31/10/2016
Alloresto;"Place de la République, Paris, France";dispatch.youorder@gmail.com;0784015094;31/10/2016
SUPER;"27 Boulevard de Vaugirard, France";;;31/10/2016
PSSY;"2 Boulevard Robespierre, Poissy, France";;;02/11/2016
"Hôtel Chef";"17 Rue Notre Dame de Lorette, Paris, France";;;03/11/2016
20/80;"39 Rue Rivay, Levallois-Perret, France";;;03/11/2016
"You Order Garage";"25 Rue Geoffroy-Saint-Hilaire, France";;;07/11/2016
"Bercy Service";"42 Rue de Washington, Paris, France";;0618343341;14/11/2016
"Test Guilhem";"55 Rue La Boétie, Paris, France";guilhem.intrand@youorder.fr;0784248474;14/11/2016
"You Order Test";"Paris, France";;;14/11/2016
"Foodcheri La Garenne Colombes";"19 Avenue Augustine, La Garenne-Colombes, France";;;17/11/2016
Divergence;"17 Allée Paul Eluard, 95100 Argenteuil, France";;;18/11/2016
Wing;"3 Rue Bellini, Puteaux, France";;;18/11/2016
Apérocheers;"5 Boulevard Gouvion-Saint-Cyr, Paris, France";"Laura Antoine";"06 12 94 31 33";30/11/2016
"Bureau garage";"15 Rue Censier, Paris, France";"06 87 39 46 27";;05/12/2016
"Frichti Neuilly";"181 Avenue Achille Peretti, Neuilly-sur-Seine, France";;;05/12/2016
Boulang;"Place de la République, Paris, France";;;13/12/2016
"Foodcheri Saint Ambroise";"3 Rue du Général Guilhem, Paris, France";;;15/12/2016
