Type;Nom;Immatriculation;Marque;Volume;Etat
Scooter;RP;EF-778-BC;"RP Noir";150;ok
Scooter;RP;EF-491-BC;?;150;ok
Scooter;RP;DZ-483-JF;?;150;ok
Scooter;RP;EB-350-MT;"RP Noir";150;ok
Scooter;RP;EF-372-EF;"RP Noir";150;ok
Scooter;RP;EB-015-MV;"RP Noir";150;ok
Scooter;RP;EA-056-FT;"RP Noir";150;ok
Scooter;RP;DZ-749-JE;"RP Noir";150;ok
Scooter;RP;EC-258-DG;"RP Noir";150;ok
Scooter;RP;EB-882-MT;"RP Noir";150;ok
Scooter;RP;EC-148-PK;"RP Noir";150;ok
Scooter;8;EC-026-PD;"RP Noir";150;ok
Scooter;RP;EC-371-PK;"RP Noir";150;ok
Scooter;RP;EB-146-MV;"RP Noir";150;ok
Scooter;RP;EC-358-DG;"RP Noir";150;ok
Scooter;RP;EF-258-BC;"RP Noir";150;ok
Scooter;RP;EC-161-DG;"RP Noir";150;ok
Scooter;03;DZ-605-JF;"RP Noir";150;ok
Scooter;RP;DZ-922-JE;"RP Noir";150;ok
Scooter;RP;DZ-922-JE;"RP Noir";150;ok
Scooter;RP;DZ-776-JF;"RP Noir";150;ok
Scooter;RP;DZ-178-JF;"RP Noir";150;ok
Scooter;RP;EA-022-FT;?;150;ok
Scooter;RP;EA-889-FS;"RP Noir";150;ok
Scooter;RP;EA-096-FT;"RP Noir";150;ok
Scooter;RP;EA-807-FS;"RP Noir";150;ok
Scooter;RP;EA-849-FS;"RP Noir";150;ok
Scooter;RP;EA-134-FT;"RP Noir";150;ok
Scooter;RP;EA-183-FT;"RP Noir";150;ok
Scooter;RP;EB-181-MT;"RP Noir";150;ok
Scooter;RP;EB-629-MT;"RP Noir";150;ok
Scooter;RP;EB-494-MT;"RP Noir";150;ok
Scooter;RP;EB-778-MT;"RP Noir";150;ok
Scooter;RP;EB-840-MS;"RP Noir";150;ok
Scooter;RP;EC-814-DF;?;150;ok
Scooter;RP;EC-957-DF;?;150;ok
Scooter;RP;EC-050-DG;?;150;ok
Scooter;RP;EC-460-DG;?;150;ok
Scooter;RP;EC-552-DG;?;150;ok
Scooter;RP;EC-654-DG;"RP Noir";150;ok
Scooter;RP;EC-745-DG;?;150;ok
Scooter;RP;EC-905-PC;?;150;ok
Scooter;RP;EC-936-PC;"RP Noir";150;ok
Scooter;RP;EC-991-PC;?;150;ok
Scooter;RP;EC-906-PJ;?;150;ok
Scooter;RP;EC-017-PK;?;150;ok
Scooter;RP;EC-243-PK;?;150;ok
Scooter;RP;EC-788-PJ;?;150;ok
Scooter;RP;EC-041-PR;?;150;ok
Scooter;RP;DZ-007-XZ;"RP Noir";150;ok
Scooter;RP;DZ-744-XY;"RP Noir";150;ok
Scooter;RP;DZ-831-XY;"RP Noir";150;ok
Scooter;RP;DZ-908-XZ;"RP Noir";150;ok
Scooter;RP;DZ-340-YG;"RP Noir";150;ok
Scooter;RP;EF-341-BD;?;150;ok
Scooter;RP;EF-281-BD;?;150;ok
Scooter;RP;EF-201-BD;?;150;ok
Scooter;RP;EF-079-BD;?;150;ok
Scooter;RP;EF-975-BC;?;150;ok
Scooter;RP;EF-894-BC;?;150;ok
Scooter;RP;EF-591-BC;?;150;ok
Scooter;RP;EF-342-BC;?;150;ok
Scooter;RP;EF-071-BC;?;150;ok
Scooter;RP;EF-607-EF;?;150;ok
Scooter;RP;EF-533-EF;?;150;ok
Scooter;RP;EF-478-EF;?;150;ok
Scooter;RP;EF-450-EF;?;150;ok
Scooter;RP;EF-421-EF;?;150;ok
Scooter;RP;EF-338-EF;?;150;ok
Scooter;RP;EF-289-EF;?;150;ok
Scooter;RP;EF-241-EF;"Keep Hot XXL";150;ok
Scooter;RP;EF-207-EF;?;150;ok
Scooter;RP;EF-051-EF;?;150;ok
Scooter;RP;EF-965-EE;?;150;ok
Scooter;RP;EF-909-EE;?;150;ok
Scooter;RP;EF-831-EE;?;150;ok
